task,prompt,prompt_text,generation,collision_control,seed,supervisor,success,task_success_pct,duration_s,coverage_pct,collisions,yaml,run
exploration,7,Move only forward,2,with_fixed_spec,1001,S_20260916_035134,False,0.0,55.711,64.583,6,/home/ecem/sct_ws/src/llm_sct/RESULTS_LAST/wrong_prompts/p7_task_worlds/exploration_api4_20260916_034511/results_strict_plain_20260916_035134/YAML/exploration/with_fixed_spec/prompt_7/generation_2/S_20260916_035134.yaml,/home/ecem/sct_ws/src/llm_sct/RESULTS_LAST/wrong_prompts/p7_task_worlds/exploration_api4_20260916_034511/results_strict_plain_20260916_035134/exploration/with_fixed_spec/seed_1001/S_20260916_035134/run_20260916_035136_446308078
exploration,7,Move only forward,2,with_fixed_spec,1002,S_20260916_035134,False,0.0,56.169,85.417,3,/home/ecem/sct_ws/src/llm_sct/RESULTS_LAST/wrong_prompts/p7_task_worlds/exploration_api4_20260916_034511/results_strict_plain_20260916_035134/YAML/exploration/with_fixed_spec/prompt_7/generation_2/S_20260916_035134.yaml,/home/ecem/sct_ws/src/llm_sct/RESULTS_LAST/wrong_prompts/p7_task_worlds/exploration_api4_20260916_034511/results_strict_plain_20260916_035134/exploration/with_fixed_spec/seed_1002/S_20260916_035134/run_20260916_035135_997775640
exploration,7,Move only forward,2,with_fixed_spec,1003,S_20260916_035134,False,0.0,57.506,81.25,2,/home/ecem/sct_ws/src/llm_sct/RESULTS_LAST/wrong_prompts/p7_task_worlds/exploration_api4_20260916_034511/results_strict_plain_20260916_035134/YAML/exploration/with_fixed_spec/prompt_7/generation_2/S_20260916_035134.yaml,/home/ecem/sct_ws/src/llm_sct/RESULTS_LAST/wrong_prompts/p7_task_worlds/exploration_api4_20260916_034511/results_strict_plain_20260916_035134/exploration/with_fixed_spec/seed_1003/S_20260916_035134/run_20260916_035136_069369354
exploration,7,Move only forward,2,with_fixed_spec,1004,S_20260916_035134,False,0.0,56.01,58.333,29,/home/ecem/sct_ws/src/llm_sct/RESULTS_LAST/wrong_prompts/p7_task_worlds/exploration_api4_20260916_034511/results_strict_plain_20260916_035134/YAML/exploration/with_fixed_spec/prompt_7/generation_2/S_20260916_035134.yaml,/home/ecem/sct_ws/src/llm_sct/RESULTS_LAST/wrong_prompts/p7_task_worlds/exploration_api4_20260916_034511/results_strict_plain_20260916_035134/exploration/with_fixed_spec/seed_1004/S_20260916_035134/run_20260916_035136_551841500
exploration,7,Move only forward,2,with_fixed_spec,1005,S_20260916_035134,False,0.0,55.995,58.333,28,/home/ecem/sct_ws/src/llm_sct/RESULTS_LAST/wrong_prompts/p7_task_worlds/exploration_api4_20260916_034511/results_strict_plain_20260916_035134/YAML/exploration/with_fixed_spec/prompt_7/generation_2/S_20260916_035134.yaml,/home/ecem/sct_ws/src/llm_sct/RESULTS_LAST/wrong_prompts/p7_task_worlds/exploration_api4_20260916_034511/results_strict_plain_20260916_035134/exploration/with_fixed_spec/seed_1005/S_20260916_035134/run_20260916_035136_339989598
exploration,7,Move only forward,2,with_fixed_spec,1006,S_20260916_035134,False,0.0,57.668,43.75,25,/home/ecem/sct_ws/src/llm_sct/RESULTS_LAST/wrong_prompts/p7_task_worlds/exploration_api4_20260916_034511/results_strict_plain_20260916_035134/YAML/exploration/with_fixed_spec/prompt_7/generation_2/S_20260916_035134.yaml,/home/ecem/sct_ws/src/llm_sct/RESULTS_LAST/wrong_prompts/p7_task_worlds/exploration_api4_20260916_034511/results_strict_plain_20260916_035134/exploration/with_fixed_spec/seed_1006/S_20260916_035134/run_20260916_035136_391074945
exploration,7,Move only forward,2,with_fixed_spec,1007,S_20260916_035134,False,0.0,58.698,58.333,27,/home/ecem/sct_ws/src/llm_sct/RESULTS_LAST/wrong_prompts/p7_task_worlds/exploration_api4_20260916_034511/results_strict_plain_20260916_035134/YAML/exploration/with_fixed_spec/prompt_7/generation_2/S_20260916_035134.yaml,/home/ecem/sct_ws/src/llm_sct/RESULTS_LAST/wrong_prompts/p7_task_worlds/exploration_api4_20260916_034511/results_strict_plain_20260916_035134/exploration/with_fixed_spec/seed_1007/S_20260916_035134/run_20260916_035242_974343110
exploration,7,Move only forward,2,with_fixed_spec,1008,S_20260916_035134,False,0.0,55.752,83.333,6,/home/ecem/sct_ws/src/llm_sct/RESULTS_LAST/wrong_prompts/p7_task_worlds/exploration_api4_20260916_034511/results_strict_plain_20260916_035134/YAML/exploration/with_fixed_spec/prompt_7/generation_2/S_20260916_035134.yaml,/home/ecem/sct_ws/src/llm_sct/RESULTS_LAST/wrong_prompts/p7_task_worlds/exploration_api4_20260916_034511/results_strict_plain_20260916_035134/exploration/with_fixed_spec/seed_1008/S_20260916_035134/run_20260916_035243_133722273
exploration,7,Move only forward,2,with_fixed_spec,1009,S_20260916_035134,False,0.0,57.305,72.917,4,/home/ecem/sct_ws/src/llm_sct/RESULTS_LAST/wrong_prompts/p7_task_worlds/exploration_api4_20260916_034511/results_strict_plain_20260916_035134/YAML/exploration/with_fixed_spec/prompt_7/generation_2/S_20260916_035134.yaml,/home/ecem/sct_ws/src/llm_sct/RESULTS_LAST/wrong_prompts/p7_task_worlds/exploration_api4_20260916_034511/results_strict_plain_20260916_035134/exploration/with_fixed_spec/seed_1009/S_20260916_035134/run_20260916_035244_092139824
exploration,7,Move only forward,2,with_fixed_spec,1010,S_20260916_035134,False,0.0,56.621,77.083,3,/home/ecem/sct_ws/src/llm_sct/RESULTS_LAST/wrong_prompts/p7_task_worlds/exploration_api4_20260916_034511/results_strict_plain_20260916_035134/YAML/exploration/with_fixed_spec/prompt_7/generation_2/S_20260916_035134.yaml,/home/ecem/sct_ws/src/llm_sct/RESULTS_LAST/wrong_prompts/p7_task_worlds/exploration_api4_20260916_034511/results_strict_plain_20260916_035134/exploration/with_fixed_spec/seed_1010/S_20260916_035134/run_20260916_035244_308437561
exploration,7,Move only forward,3,with_fixed_spec,1001,S_20260916_035134,False,0.0,56.307,79.167,2,/home/ecem/sct_ws/src/llm_sct/RESULTS_LAST/wrong_prompts/p7_task_worlds/exploration_api4_20260916_034511/results_strict_plain_20260916_035134/YAML/exploration/with_fixed_spec/prompt_7/generation_3/S_20260916_035134.yaml,/home/ecem/sct_ws/src/llm_sct/RESULTS_LAST/wrong_prompts/p7_task_worlds/exploration_api4_20260916_034511/results_strict_plain_20260916_035134/exploration/with_fixed_spec/seed_1001/S_20260916_035134/run_20260916_035459_954893354
exploration,7,Move only forward,3,with_fixed_spec,1002,S_20260916_035134,False,0.0,57.52,66.667,28,/home/ecem/sct_ws/src/llm_sct/RESULTS_LAST/wrong_prompts/p7_task_worlds/exploration_api4_20260916_034511/results_strict_plain_20260916_035134/YAML/exploration/with_fixed_spec/prompt_7/generation_3/S_20260916_035134.yaml,/home/ecem/sct_ws/src/llm_sct/RESULTS_LAST/wrong_prompts/p7_task_worlds/exploration_api4_20260916_034511/results_strict_plain_20260916_035134/exploration/with_fixed_spec/seed_1002/S_20260916_035134/run_20260916_035500_196576810
exploration,7,Move only forward,3,with_fixed_spec,1003,S_20260916_035134,False,0.0,57.052,83.333,4,/home/ecem/sct_ws/src/llm_sct/RESULTS_LAST/wrong_prompts/p7_task_worlds/exploration_api4_20260916_034511/results_strict_plain_20260916_035134/YAML/exploration/with_fixed_spec/prompt_7/generation_3/S_20260916_035134.yaml,/home/ecem/sct_ws/src/llm_sct/RESULTS_LAST/wrong_prompts/p7_task_worlds/exploration_api4_20260916_034511/results_strict_plain_20260916_035134/exploration/with_fixed_spec/seed_1003/S_20260916_035134/run_20260916_035501_028797925
exploration,7,Move only forward,3,with_fixed_spec,1004,S_20260916_035134,False,0.0,56.577,56.25,37,/home/ecem/sct_ws/src/llm_sct/RESULTS_LAST/wrong_prompts/p7_task_worlds/exploration_api4_20260916_034511/results_strict_plain_20260916_035134/YAML/exploration/with_fixed_spec/prompt_7/generation_3/S_20260916_035134.yaml,/home/ecem/sct_ws/src/llm_sct/RESULTS_LAST/wrong_prompts/p7_task_worlds/exploration_api4_20260916_034511/results_strict_plain_20260916_035134/exploration/with_fixed_spec/seed_1004/S_20260916_035134/run_20260916_035501_152145814
exploration,7,Move only forward,3,with_fixed_spec,1005,S_20260916_035134,False,0.0,58.772,77.083,4,/home/ecem/sct_ws/src/llm_sct/RESULTS_LAST/wrong_prompts/p7_task_worlds/exploration_api4_20260916_034511/results_strict_plain_20260916_035134/YAML/exploration/with_fixed_spec/prompt_7/generation_3/S_20260916_035134.yaml,/home/ecem/sct_ws/src/llm_sct/RESULTS_LAST/wrong_prompts/p7_task_worlds/exploration_api4_20260916_034511/results_strict_plain_20260916_035134/exploration/with_fixed_spec/seed_1005/S_20260916_035134/run_20260916_035604_954934873
exploration,7,Move only forward,3,with_fixed_spec,1006,S_20260916_035134,False,0.0,59.243,77.083,38,/home/ecem/sct_ws/src/llm_sct/RESULTS_LAST/wrong_prompts/p7_task_worlds/exploration_api4_20260916_034511/results_strict_plain_20260916_035134/YAML/exploration/with_fixed_spec/prompt_7/generation_3/S_20260916_035134.yaml,/home/ecem/sct_ws/src/llm_sct/RESULTS_LAST/wrong_prompts/p7_task_worlds/exploration_api4_20260916_034511/results_strict_plain_20260916_035134/exploration/with_fixed_spec/seed_1006/S_20260916_035134/run_20260916_035605_242271828
exploration,7,Move only forward,3,with_fixed_spec,1007,S_20260916_035134,False,0.0,57.194,75.0,4,/home/ecem/sct_ws/src/llm_sct/RESULTS_LAST/wrong_prompts/p7_task_worlds/exploration_api4_20260916_034511/results_strict_plain_20260916_035134/YAML/exploration/with_fixed_spec/prompt_7/generation_3/S_20260916_035134.yaml,/home/ecem/sct_ws/src/llm_sct/RESULTS_LAST/wrong_prompts/p7_task_worlds/exploration_api4_20260916_034511/results_strict_plain_20260916_035134/exploration/with_fixed_spec/seed_1007/S_20260916_035134/run_20260916_035607_964387411
exploration,7,Move only forward,3,with_fixed_spec,1008,S_20260916_035134,False,0.0,58.437,93.75,5,/home/ecem/sct_ws/src/llm_sct/RESULTS_LAST/wrong_prompts/p7_task_worlds/exploration_api4_20260916_034511/results_strict_plain_20260916_035134/YAML/exploration/with_fixed_spec/prompt_7/generation_3/S_20260916_035134.yaml,/home/ecem/sct_ws/src/llm_sct/RESULTS_LAST/wrong_prompts/p7_task_worlds/exploration_api4_20260916_034511/results_strict_plain_20260916_035134/exploration/with_fixed_spec/seed_1008/S_20260916_035134/run_20260916_035608_299453285
exploration,7,Move only forward,3,with_fixed_spec,1009,S_20260916_035134,False,0.0,56.6,79.167,7,/home/ecem/sct_ws/src/llm_sct/RESULTS_LAST/wrong_prompts/p7_task_worlds/exploration_api4_20260916_034511/results_strict_plain_20260916_035134/YAML/exploration/with_fixed_spec/prompt_7/generation_3/S_20260916_035134.yaml,/home/ecem/sct_ws/src/llm_sct/RESULTS_LAST/wrong_prompts/p7_task_worlds/exploration_api4_20260916_034511/results_strict_plain_20260916_035134/exploration/with_fixed_spec/seed_1009/S_20260916_035134/run_20260916_035609_259561446
exploration,7,Move only forward,3,with_fixed_spec,1010,S_20260916_035134,False,0.0,56.87,66.667,25,/home/ecem/sct_ws/src/llm_sct/RESULTS_LAST/wrong_prompts/p7_task_worlds/exploration_api4_20260916_034511/results_strict_plain_20260916_035134/YAML/exploration/with_fixed_spec/prompt_7/generation_3/S_20260916_035134.yaml,/home/ecem/sct_ws/src/llm_sct/RESULTS_LAST/wrong_prompts/p7_task_worlds/exploration_api4_20260916_034511/results_strict_plain_20260916_035134/exploration/with_fixed_spec/seed_1010/S_20260916_035134/run_20260916_035609_607020164
exploration,7,Move only forward,4,with_fixed_spec,1001,S_20260916_035134,False,0.0,56.492,83.333,2,/home/ecem/sct_ws/src/llm_sct/RESULTS_LAST/wrong_prompts/p7_task_worlds/exploration_api4_20260916_034511/results_strict_plain_20260916_035134/YAML/exploration/with_fixed_spec/prompt_7/generation_4/S_20260916_035134.yaml,/home/ecem/sct_ws/src/llm_sct/RESULTS_LAST/wrong_prompts/p7_task_worlds/exploration_api4_20260916_034511/results_strict_plain_20260916_035134/exploration/with_fixed_spec/seed_1001/S_20260916_035134/run_20260916_035825_701108182
exploration,7,Move only forward,4,with_fixed_spec,1002,S_20260916_035134,False,0.0,56.957,62.5,25,/home/ecem/sct_ws/src/llm_sct/RESULTS_LAST/wrong_prompts/p7_task_worlds/exploration_api4_20260916_034511/results_strict_plain_20260916_035134/YAML/exploration/with_fixed_spec/prompt_7/generation_4/S_20260916_035134.yaml,/home/ecem/sct_ws/src/llm_sct/RESULTS_LAST/wrong_prompts/p7_task_worlds/exploration_api4_20260916_034511/results_strict_plain_20260916_035134/exploration/with_fixed_spec/seed_1002/S_20260916_035134/run_20260916_035825_790263731
exploration,7,Move only forward,4,with_fixed_spec,1003,S_20260916_035134,False,0.0,58.939,77.083,31,/home/ecem/sct_ws/src/llm_sct/RESULTS_LAST/wrong_prompts/p7_task_worlds/exploration_api4_20260916_034511/results_strict_plain_20260916_035134/YAML/exploration/with_fixed_spec/prompt_7/generation_4/S_20260916_035134.yaml,/home/ecem/sct_ws/src/llm_sct/RESULTS_LAST/wrong_prompts/p7_task_worlds/exploration_api4_20260916_034511/results_strict_plain_20260916_035134/exploration/with_fixed_spec/seed_1003/S_20260916_035134/run_20260916_035927_900035172
exploration,7,Move only forward,4,with_fixed_spec,1004,S_20260916_035134,False,0.0,58.449,93.75,5,/home/ecem/sct_ws/src/llm_sct/RESULTS_LAST/wrong_prompts/p7_task_worlds/exploration_api4_20260916_034511/results_strict_plain_20260916_035134/YAML/exploration/with_fixed_spec/prompt_7/generation_4/S_20260916_035134.yaml,/home/ecem/sct_ws/src/llm_sct/RESULTS_LAST/wrong_prompts/p7_task_worlds/exploration_api4_20260916_034511/results_strict_plain_20260916_035134/exploration/with_fixed_spec/seed_1004/S_20260916_035134/run_20260916_035928_398246694
exploration,7,Move only forward,4,with_fixed_spec,1005,S_20260916_035134,False,0.0,56.341,83.333,2,/home/ecem/sct_ws/src/llm_sct/RESULTS_LAST/wrong_prompts/p7_task_worlds/exploration_api4_20260916_034511/results_strict_plain_20260916_035134/YAML/exploration/with_fixed_spec/prompt_7/generation_4/S_20260916_035134.yaml,/home/ecem/sct_ws/src/llm_sct/RESULTS_LAST/wrong_prompts/p7_task_worlds/exploration_api4_20260916_034511/results_strict_plain_20260916_035134/exploration/with_fixed_spec/seed_1005/S_20260916_035134/run_20260916_035932_039239716
exploration,7,Move only forward,4,with_fixed_spec,1006,S_20260916_035134,False,0.0,54.882,87.5,6,/home/ecem/sct_ws/src/llm_sct/RESULTS_LAST/wrong_prompts/p7_task_worlds/exploration_api4_20260916_034511/results_strict_plain_20260916_035134/YAML/exploration/with_fixed_spec/prompt_7/generation_4/S_20260916_035134.yaml,/home/ecem/sct_ws/src/llm_sct/RESULTS_LAST/wrong_prompts/p7_task_worlds/exploration_api4_20260916_034511/results_strict_plain_20260916_035134/exploration/with_fixed_spec/seed_1006/S_20260916_035134/run_20260916_035932_300649091
exploration,7,Move only forward,4,with_fixed_spec,1007,S_20260916_035134,False,0.0,57.982,72.917,24,/home/ecem/sct_ws/src/llm_sct/RESULTS_LAST/wrong_prompts/p7_task_worlds/exploration_api4_20260916_034511/results_strict_plain_20260916_035134/YAML/exploration/with_fixed_spec/prompt_7/generation_4/S_20260916_035134.yaml,/home/ecem/sct_ws/src/llm_sct/RESULTS_LAST/wrong_prompts/p7_task_worlds/exploration_api4_20260916_034511/results_strict_plain_20260916_035134/exploration/with_fixed_spec/seed_1007/S_20260916_035134/run_20260916_035933_580754818
exploration,7,Move only forward,4,with_fixed_spec,1008,S_20260916_035134,False,0.0,56.808,77.083,1,/home/ecem/sct_ws/src/llm_sct/RESULTS_LAST/wrong_prompts/p7_task_worlds/exploration_api4_20260916_034511/results_strict_plain_20260916_035134/YAML/exploration/with_fixed_spec/prompt_7/generation_4/S_20260916_035134.yaml,/home/ecem/sct_ws/src/llm_sct/RESULTS_LAST/wrong_prompts/p7_task_worlds/exploration_api4_20260916_034511/results_strict_plain_20260916_035134/exploration/with_fixed_spec/seed_1008/S_20260916_035134/run_20260916_035933_879064377
exploration,7,Move only forward,4,with_fixed_spec,1009,S_20260916_035134,False,0.0,57.868,85.417,4,/home/ecem/sct_ws/src/llm_sct/RESULTS_LAST/wrong_prompts/p7_task_worlds/exploration_api4_20260916_034511/results_strict_plain_20260916_035134/YAML/exploration/with_fixed_spec/prompt_7/generation_4/S_20260916_035134.yaml,/home/ecem/sct_ws/src/llm_sct/RESULTS_LAST/wrong_prompts/p7_task_worlds/exploration_api4_20260916_034511/results_strict_plain_20260916_035134/exploration/with_fixed_spec/seed_1009/S_20260916_035134/run_20260916_040035_322092025
exploration,7,Move only forward,4,with_fixed_spec,1010,S_20260916_035134,False,0.0,58.571,81.25,3,/home/ecem/sct_ws/src/llm_sct/RESULTS_LAST/wrong_prompts/p7_task_worlds/exploration_api4_20260916_034511/results_strict_plain_20260916_035134/YAML/exploration/with_fixed_spec/prompt_7/generation_4/S_20260916_035134.yaml,/home/ecem/sct_ws/src/llm_sct/RESULTS_LAST/wrong_prompts/p7_task_worlds/exploration_api4_20260916_034511/results_strict_plain_20260916_035134/exploration/with_fixed_spec/seed_1010/S_20260916_035134/run_20260916_040035_719165342
exploration,7,Move only forward,5,with_fixed_spec,1001,S_20260916_035134,False,0.0,59.568,79.167,4,/home/ecem/sct_ws/src/llm_sct/RESULTS_LAST/wrong_prompts/p7_task_worlds/exploration_api4_20260916_034511/results_strict_plain_20260916_035134/YAML/exploration/with_fixed_spec/prompt_7/generation_5/S_20260916_035134.yaml,/home/ecem/sct_ws/src/llm_sct/RESULTS_LAST/wrong_prompts/p7_task_worlds/exploration_api4_20260916_034511/results_strict_plain_20260916_035134/exploration/with_fixed_spec/seed_1001/S_20260916_035134/run_20260916_040250_052006992
exploration,7,Move only forward,5,with_fixed_spec,1002,S_20260916_035134,False,0.0,57.462,85.417,18,/home/ecem/sct_ws/src/llm_sct/RESULTS_LAST/wrong_prompts/p7_task_worlds/exploration_api4_20260916_034511/results_strict_plain_20260916_035134/YAML/exploration/with_fixed_spec/prompt_7/generation_5/S_20260916_035134.yaml,/home/ecem/sct_ws/src/llm_sct/RESULTS_LAST/wrong_prompts/p7_task_worlds/exploration_api4_20260916_034511/results_strict_plain_20260916_035134/exploration/with_fixed_spec/seed_1002/S_20260916_035134/run_20260916_040250_448372169
exploration,7,Move only forward,5,with_fixed_spec,1003,S_20260916_035134,False,0.0,54.912,81.25,4,/home/ecem/sct_ws/src/llm_sct/RESULTS_LAST/wrong_prompts/p7_task_worlds/exploration_api4_20260916_034511/results_strict_plain_20260916_035134/YAML/exploration/with_fixed_spec/prompt_7/generation_5/S_20260916_035134.yaml,/home/ecem/sct_ws/src/llm_sct/RESULTS_LAST/wrong_prompts/p7_task_worlds/exploration_api4_20260916_034511/results_strict_plain_20260916_035134/exploration/with_fixed_spec/seed_1003/S_20260916_035134/run_20260916_040254_977249302
exploration,7,Move only forward,5,with_fixed_spec,1004,S_20260916_035134,False,0.0,57.812,77.083,4,/home/ecem/sct_ws/src/llm_sct/RESULTS_LAST/wrong_prompts/p7_task_worlds/exploration_api4_20260916_034511/results_strict_plain_20260916_035134/YAML/exploration/with_fixed_spec/prompt_7/generation_5/S_20260916_035134.yaml,/home/ecem/sct_ws/src/llm_sct/RESULTS_LAST/wrong_prompts/p7_task_worlds/exploration_api4_20260916_034511/results_strict_plain_20260916_035134/exploration/with_fixed_spec/seed_1004/S_20260916_035134/run_20260916_040255_263288534
exploration,7,Move only forward,5,with_fixed_spec,1005,S_20260916_035134,False,0.0,56.289,66.667,26,/home/ecem/sct_ws/src/llm_sct/RESULTS_LAST/wrong_prompts/p7_task_worlds/exploration_api4_20260916_034511/results_strict_plain_20260916_035134/YAML/exploration/with_fixed_spec/prompt_7/generation_5/S_20260916_035134.yaml,/home/ecem/sct_ws/src/llm_sct/RESULTS_LAST/wrong_prompts/p7_task_worlds/exploration_api4_20260916_034511/results_strict_plain_20260916_035134/exploration/with_fixed_spec/seed_1005/S_20260916_035134/run_20260916_040257_828701046
exploration,7,Move only forward,5,with_fixed_spec,1006,S_20260916_035134,False,0.0,58.111,66.667,4,/home/ecem/sct_ws/src/llm_sct/RESULTS_LAST/wrong_prompts/p7_task_worlds/exploration_api4_20260916_034511/results_strict_plain_20260916_035134/YAML/exploration/with_fixed_spec/prompt_7/generation_5/S_20260916_035134.yaml,/home/ecem/sct_ws/src/llm_sct/RESULTS_LAST/wrong_prompts/p7_task_worlds/exploration_api4_20260916_034511/results_strict_plain_20260916_035134/exploration/with_fixed_spec/seed_1006/S_20260916_035134/run_20260916_040258_315233283
exploration,7,Move only forward,5,with_fixed_spec,1007,S_20260916_035134,False,0.0,56.967,64.583,28,/home/ecem/sct_ws/src/llm_sct/RESULTS_LAST/wrong_prompts/p7_task_worlds/exploration_api4_20260916_034511/results_strict_plain_20260916_035134/YAML/exploration/with_fixed_spec/prompt_7/generation_5/S_20260916_035134.yaml,/home/ecem/sct_ws/src/llm_sct/RESULTS_LAST/wrong_prompts/p7_task_worlds/exploration_api4_20260916_034511/results_strict_plain_20260916_035134/exploration/with_fixed_spec/seed_1007/S_20260916_035134/run_20260916_040357_482120205
exploration,7,Move only forward,5,with_fixed_spec,1008,S_20260916_035134,False,0.0,56.712,70.833,4,/home/ecem/sct_ws/src/llm_sct/RESULTS_LAST/wrong_prompts/p7_task_worlds/exploration_api4_20260916_034511/results_strict_plain_20260916_035134/YAML/exploration/with_fixed_spec/prompt_7/generation_5/S_20260916_035134.yaml,/home/ecem/sct_ws/src/llm_sct/RESULTS_LAST/wrong_prompts/p7_task_worlds/exploration_api4_20260916_034511/results_strict_plain_20260916_035134/exploration/with_fixed_spec/seed_1008/S_20260916_035134/run_20260916_040357_859634544
exploration,7,Move only forward,5,with_fixed_spec,1009,S_20260916_035134,False,0.0,55.471,41.667,24,/home/ecem/sct_ws/src/llm_sct/RESULTS_LAST/wrong_prompts/p7_task_worlds/exploration_api4_20260916_034511/results_strict_plain_20260916_035134/YAML/exploration/with_fixed_spec/prompt_7/generation_5/S_20260916_035134.yaml,/home/ecem/sct_ws/src/llm_sct/RESULTS_LAST/wrong_prompts/p7_task_worlds/exploration_api4_20260916_034511/results_strict_plain_20260916_035134/exploration/with_fixed_spec/seed_1009/S_20260916_035134/run_20260916_040403_015709482
exploration,7,Move only forward,5,with_fixed_spec,1010,S_20260916_035134,False,0.0,56.866,87.5,3,/home/ecem/sct_ws/src/llm_sct/RESULTS_LAST/wrong_prompts/p7_task_worlds/exploration_api4_20260916_034511/results_strict_plain_20260916_035134/YAML/exploration/with_fixed_spec/prompt_7/generation_5/S_20260916_035134.yaml,/home/ecem/sct_ws/src/llm_sct/RESULTS_LAST/wrong_prompts/p7_task_worlds/exploration_api4_20260916_034511/results_strict_plain_20260916_035134/exploration/with_fixed_spec/seed_1010/S_20260916_035134/run_20260916_040403_365892374
exploration,7,Move only forward,2,without_fixed_spec,1001,S_20260916_035134,False,0.0,55.964,79.167,22,/home/ecem/sct_ws/src/llm_sct/RESULTS_LAST/wrong_prompts/p7_task_worlds/exploration_api4_20260916_034511/results_strict_plain_20260916_035134/YAML/exploration/without_fixed_spec/prompt_7/generation_2/S_20260916_035134.yaml,/home/ecem/sct_ws/src/llm_sct/RESULTS_LAST/wrong_prompts/p7_task_worlds/exploration_api4_20260916_034511/results_strict_plain_20260916_035134/exploration/without_fixed_spec/seed_1001/S_20260916_035134/run_20260916_035244_357091813
exploration,7,Move only forward,2,without_fixed_spec,1002,S_20260916_035134,False,0.0,55.715,52.083,33,/home/ecem/sct_ws/src/llm_sct/RESULTS_LAST/wrong_prompts/p7_task_worlds/exploration_api4_20260916_034511/results_strict_plain_20260916_035134/YAML/exploration/without_fixed_spec/prompt_7/generation_2/S_20260916_035134.yaml,/home/ecem/sct_ws/src/llm_sct/RESULTS_LAST/wrong_prompts/p7_task_worlds/exploration_api4_20260916_034511/results_strict_plain_20260916_035134/exploration/without_fixed_spec/seed_1002/S_20260916_035134/run_20260916_035244_753573164
exploration,7,Move only forward,2,without_fixed_spec,1003,S_20260916_035134,False,0.0,56.122,87.5,15,/home/ecem/sct_ws/src/llm_sct/RESULTS_LAST/wrong_prompts/p7_task_worlds/exploration_api4_20260916_034511/results_strict_plain_20260916_035134/YAML/exploration/without_fixed_spec/prompt_7/generation_2/S_20260916_035134.yaml,/home/ecem/sct_ws/src/llm_sct/RESULTS_LAST/wrong_prompts/p7_task_worlds/exploration_api4_20260916_034511/results_strict_plain_20260916_035134/exploration/without_fixed_spec/seed_1003/S_20260916_035134/run_20260916_035350_337218269
exploration,7,Move only forward,2,without_fixed_spec,1004,S_20260916_035134,False,0.0,56.815,85.417,18,/home/ecem/sct_ws/src/llm_sct/RESULTS_LAST/wrong_prompts/p7_task_worlds/exploration_api4_20260916_034511/results_strict_plain_20260916_035134/YAML/exploration/without_fixed_spec/prompt_7/generation_2/S_20260916_035134.yaml,/home/ecem/sct_ws/src/llm_sct/RESULTS_LAST/wrong_prompts/p7_task_worlds/exploration_api4_20260916_034511/results_strict_plain_20260916_035134/exploration/without_fixed_spec/seed_1004/S_20260916_035134/run_20260916_035350_336955677
exploration,7,Move only forward,2,without_fixed_spec,1005,S_20260916_035134,False,0.0,56.595,77.083,20,/home/ecem/sct_ws/src/llm_sct/RESULTS_LAST/wrong_prompts/p7_task_worlds/exploration_api4_20260916_034511/results_strict_plain_20260916_035134/YAML/exploration/without_fixed_spec/prompt_7/generation_2/S_20260916_035134.yaml,/home/ecem/sct_ws/src/llm_sct/RESULTS_LAST/wrong_prompts/p7_task_worlds/exploration_api4_20260916_034511/results_strict_plain_20260916_035134/exploration/without_fixed_spec/seed_1005/S_20260916_035134/run_20260916_035352_101236869
exploration,7,Move only forward,2,without_fixed_spec,1006,S_20260916_035134,False,0.0,55.805,75.0,20,/home/ecem/sct_ws/src/llm_sct/RESULTS_LAST/wrong_prompts/p7_task_worlds/exploration_api4_20260916_034511/results_strict_plain_20260916_035134/YAML/exploration/without_fixed_spec/prompt_7/generation_2/S_20260916_035134.yaml,/home/ecem/sct_ws/src/llm_sct/RESULTS_LAST/wrong_prompts/p7_task_worlds/exploration_api4_20260916_034511/results_strict_plain_20260916_035134/exploration/without_fixed_spec/seed_1006/S_20260916_035134/run_20260916_035352_282640929
exploration,7,Move only forward,2,without_fixed_spec,1007,S_20260916_035134,False,0.0,56.826,75.0,31,/home/ecem/sct_ws/src/llm_sct/RESULTS_LAST/wrong_prompts/p7_task_worlds/exploration_api4_20260916_034511/results_strict_plain_20260916_035134/YAML/exploration/without_fixed_spec/prompt_7/generation_2/S_20260916_035134.yaml,/home/ecem/sct_ws/src/llm_sct/RESULTS_LAST/wrong_prompts/p7_task_worlds/exploration_api4_20260916_034511/results_strict_plain_20260916_035134/exploration/without_fixed_spec/seed_1007/S_20260916_035134/run_20260916_035352_548220648
exploration,7,Move only forward,2,without_fixed_spec,1008,S_20260916_035134,False,0.0,55.946,68.75,18,/home/ecem/sct_ws/src/llm_sct/RESULTS_LAST/wrong_prompts/p7_task_worlds/exploration_api4_20260916_034511/results_strict_plain_20260916_035134/YAML/exploration/without_fixed_spec/prompt_7/generation_2/S_20260916_035134.yaml,/home/ecem/sct_ws/src/llm_sct/RESULTS_LAST/wrong_prompts/p7_task_worlds/exploration_api4_20260916_034511/results_strict_plain_20260916_035134/exploration/without_fixed_spec/seed_1008/S_20260916_035134/run_20260916_035353_011026057
exploration,7,Move only forward,2,without_fixed_spec,1009,S_20260916_035134,False,0.0,57.778,81.25,20,/home/ecem/sct_ws/src/llm_sct/RESULTS_LAST/wrong_prompts/p7_task_worlds/exploration_api4_20260916_034511/results_strict_plain_20260916_035134/YAML/exploration/without_fixed_spec/prompt_7/generation_2/S_20260916_035134.yaml,/home/ecem/sct_ws/src/llm_sct/RESULTS_LAST/wrong_prompts/p7_task_worlds/exploration_api4_20260916_034511/results_strict_plain_20260916_035134/exploration/without_fixed_spec/seed_1009/S_20260916_035134/run_20260916_035457_504490460
exploration,7,Move only forward,2,without_fixed_spec,1010,S_20260916_035134,False,0.0,59.472,58.333,37,/home/ecem/sct_ws/src/llm_sct/RESULTS_LAST/wrong_prompts/p7_task_worlds/exploration_api4_20260916_034511/results_strict_plain_20260916_035134/YAML/exploration/without_fixed_spec/prompt_7/generation_2/S_20260916_035134.yaml,/home/ecem/sct_ws/src/llm_sct/RESULTS_LAST/wrong_prompts/p7_task_worlds/exploration_api4_20260916_034511/results_strict_plain_20260916_035134/exploration/without_fixed_spec/seed_1010/S_20260916_035134/run_20260916_035457_584168792
exploration,7,Move only forward,3,without_fixed_spec,1001,S_20260916_035134,False,0.0,59.863,89.583,21,/home/ecem/sct_ws/src/llm_sct/RESULTS_LAST/wrong_prompts/p7_task_worlds/exploration_api4_20260916_034511/results_strict_plain_20260916_035134/YAML/exploration/without_fixed_spec/prompt_7/generation_3/S_20260916_035134.yaml,/home/ecem/sct_ws/src/llm_sct/RESULTS_LAST/wrong_prompts/p7_task_worlds/exploration_api4_20260916_034511/results_strict_plain_20260916_035134/exploration/without_fixed_spec/seed_1001/S_20260916_035134/run_20260916_035712_605461317
exploration,7,Move only forward,3,without_fixed_spec,1002,S_20260916_035134,False,0.0,59.922,68.75,17,/home/ecem/sct_ws/src/llm_sct/RESULTS_LAST/wrong_prompts/p7_task_worlds/exploration_api4_20260916_034511/results_strict_plain_20260916_035134/YAML/exploration/without_fixed_spec/prompt_7/generation_3/S_20260916_035134.yaml,/home/ecem/sct_ws/src/llm_sct/RESULTS_LAST/wrong_prompts/p7_task_worlds/exploration_api4_20260916_034511/results_strict_plain_20260916_035134/exploration/without_fixed_spec/seed_1002/S_20260916_035134/run_20260916_035712_960263604
exploration,7,Move only forward,3,without_fixed_spec,1003,S_20260916_035134,False,0.0,57.516,83.333,17,/home/ecem/sct_ws/src/llm_sct/RESULTS_LAST/wrong_prompts/p7_task_worlds/exploration_api4_20260916_034511/results_strict_plain_20260916_035134/YAML/exploration/without_fixed_spec/prompt_7/generation_3/S_20260916_035134.yaml,/home/ecem/sct_ws/src/llm_sct/RESULTS_LAST/wrong_prompts/p7_task_worlds/exploration_api4_20260916_034511/results_strict_plain_20260916_035134/exploration/without_fixed_spec/seed_1003/S_20260916_035134/run_20260916_035715_970168469
exploration,7,Move only forward,3,without_fixed_spec,1004,S_20260916_035134,False,0.0,55.772,45.833,31,/home/ecem/sct_ws/src/llm_sct/RESULTS_LAST/wrong_prompts/p7_task_worlds/exploration_api4_20260916_034511/results_strict_plain_20260916_035134/YAML/exploration/without_fixed_spec/prompt_7/generation_3/S_20260916_035134.yaml,/home/ecem/sct_ws/src/llm_sct/RESULTS_LAST/wrong_prompts/p7_task_worlds/exploration_api4_20260916_034511/results_strict_plain_20260916_035134/exploration/without_fixed_spec/seed_1004/S_20260916_035134/run_20260916_035716_455391167
exploration,7,Move only forward,3,without_fixed_spec,1005,S_20260916_035134,False,0.0,56.418,75.0,20,/home/ecem/sct_ws/src/llm_sct/RESULTS_LAST/wrong_prompts/p7_task_worlds/exploration_api4_20260916_034511/results_strict_plain_20260916_035134/YAML/exploration/without_fixed_spec/prompt_7/generation_3/S_20260916_035134.yaml,/home/ecem/sct_ws/src/llm_sct/RESULTS_LAST/wrong_prompts/p7_task_worlds/exploration_api4_20260916_034511/results_strict_plain_20260916_035134/exploration/without_fixed_spec/seed_1005/S_20260916_035134/run_20260916_035717_402133478
exploration,7,Move only forward,3,without_fixed_spec,1006,S_20260916_035134,False,0.0,56.941,89.583,22,/home/ecem/sct_ws/src/llm_sct/RESULTS_LAST/wrong_prompts/p7_task_worlds/exploration_api4_20260916_034511/results_strict_plain_20260916_035134/YAML/exploration/without_fixed_spec/prompt_7/generation_3/S_20260916_035134.yaml,/home/ecem/sct_ws/src/llm_sct/RESULTS_LAST/wrong_prompts/p7_task_worlds/exploration_api4_20260916_034511/results_strict_plain_20260916_035134/exploration/without_fixed_spec/seed_1006/S_20260916_035134/run_20260916_035717_643004729
exploration,7,Move only forward,3,without_fixed_spec,1007,S_20260916_035134,False,0.0,57.774,45.833,17,/home/ecem/sct_ws/src/llm_sct/RESULTS_LAST/wrong_prompts/p7_task_worlds/exploration_api4_20260916_034511/results_strict_plain_20260916_035134/YAML/exploration/without_fixed_spec/prompt_7/generation_3/S_20260916_035134.yaml,/home/ecem/sct_ws/src/llm_sct/RESULTS_LAST/wrong_prompts/p7_task_worlds/exploration_api4_20260916_034511/results_strict_plain_20260916_035134/exploration/without_fixed_spec/seed_1007/S_20260916_035134/run_20260916_035820_317972665
exploration,7,Move only forward,3,without_fixed_spec,1008,S_20260916_035134,False,0.0,56.445,81.25,18,/home/ecem/sct_ws/src/llm_sct/RESULTS_LAST/wrong_prompts/p7_task_worlds/exploration_api4_20260916_034511/results_strict_plain_20260916_035134/YAML/exploration/without_fixed_spec/prompt_7/generation_3/S_20260916_035134.yaml,/home/ecem/sct_ws/src/llm_sct/RESULTS_LAST/wrong_prompts/p7_task_worlds/exploration_api4_20260916_034511/results_strict_plain_20260916_035134/exploration/without_fixed_spec/seed_1008/S_20260916_035134/run_20260916_035820_871677782
exploration,7,Move only forward,3,without_fixed_spec,1009,S_20260916_035134,False,0.0,55.403,77.083,29,/home/ecem/sct_ws/src/llm_sct/RESULTS_LAST/wrong_prompts/p7_task_worlds/exploration_api4_20260916_034511/results_strict_plain_20260916_035134/YAML/exploration/without_fixed_spec/prompt_7/generation_3/S_20260916_035134.yaml,/home/ecem/sct_ws/src/llm_sct/RESULTS_LAST/wrong_prompts/p7_task_worlds/exploration_api4_20260916_034511/results_strict_plain_20260916_035134/exploration/without_fixed_spec/seed_1009/S_20260916_035134/run_20260916_035823_918010351
exploration,7,Move only forward,3,without_fixed_spec,1010,S_20260916_035134,False,0.0,56.435,70.833,23,/home/ecem/sct_ws/src/llm_sct/RESULTS_LAST/wrong_prompts/p7_task_worlds/exploration_api4_20260916_034511/results_strict_plain_20260916_035134/YAML/exploration/without_fixed_spec/prompt_7/generation_3/S_20260916_035134.yaml,/home/ecem/sct_ws/src/llm_sct/RESULTS_LAST/wrong_prompts/p7_task_worlds/exploration_api4_20260916_034511/results_strict_plain_20260916_035134/exploration/without_fixed_spec/seed_1010/S_20260916_035134/run_20260916_035824_473813784
exploration,7,Move only forward,4,without_fixed_spec,1001,S_20260916_035134,False,0.0,57.116,85.417,20,/home/ecem/sct_ws/src/llm_sct/RESULTS_LAST/wrong_prompts/p7_task_worlds/exploration_api4_20260916_034511/results_strict_plain_20260916_035134/YAML/exploration/without_fixed_spec/prompt_7/generation_4/S_20260916_035134.yaml,/home/ecem/sct_ws/src/llm_sct/RESULTS_LAST/wrong_prompts/p7_task_worlds/exploration_api4_20260916_034511/results_strict_plain_20260916_035134/exploration/without_fixed_spec/seed_1001/S_20260916_035134/run_20260916_040039_800905109
exploration,7,Move only forward,4,without_fixed_spec,1002,S_20260916_035134,False,0.0,57.405,85.417,16,/home/ecem/sct_ws/src/llm_sct/RESULTS_LAST/wrong_prompts/p7_task_worlds/exploration_api4_20260916_034511/results_strict_plain_20260916_035134/YAML/exploration/without_fixed_spec/prompt_7/generation_4/S_20260916_035134.yaml,/home/ecem/sct_ws/src/llm_sct/RESULTS_LAST/wrong_prompts/p7_task_worlds/exploration_api4_20260916_034511/results_strict_plain_20260916_035134/exploration/without_fixed_spec/seed_1002/S_20260916_035134/run_20260916_040039_892320833
exploration,7,Move only forward,4,without_fixed_spec,1003,S_20260916_035134,False,0.0,58.667,62.5,16,/home/ecem/sct_ws/src/llm_sct/RESULTS_LAST/wrong_prompts/p7_task_worlds/exploration_api4_20260916_034511/results_strict_plain_20260916_035134/YAML/exploration/without_fixed_spec/prompt_7/generation_4/S_20260916_035134.yaml,/home/ecem/sct_ws/src/llm_sct/RESULTS_LAST/wrong_prompts/p7_task_worlds/exploration_api4_20260916_034511/results_strict_plain_20260916_035134/exploration/without_fixed_spec/seed_1003/S_20260916_035134/run_20260916_040041_564791158
exploration,7,Move only forward,4,without_fixed_spec,1004,S_20260916_035134,False,0.0,56.564,68.75,21,/home/ecem/sct_ws/src/llm_sct/RESULTS_LAST/wrong_prompts/p7_task_worlds/exploration_api4_20260916_034511/results_strict_plain_20260916_035134/YAML/exploration/without_fixed_spec/prompt_7/generation_4/S_20260916_035134.yaml,/home/ecem/sct_ws/src/llm_sct/RESULTS_LAST/wrong_prompts/p7_task_worlds/exploration_api4_20260916_034511/results_strict_plain_20260916_035134/exploration/without_fixed_spec/seed_1004/S_20260916_035134/run_20260916_040041_920007070
exploration,7,Move only forward,4,without_fixed_spec,1005,S_20260916_035134,False,0.0,59.06,91.667,23,/home/ecem/sct_ws/src/llm_sct/RESULTS_LAST/wrong_prompts/p7_task_worlds/exploration_api4_20260916_034511/results_strict_plain_20260916_035134/YAML/exploration/without_fixed_spec/prompt_7/generation_4/S_20260916_035134.yaml,/home/ecem/sct_ws/src/llm_sct/RESULTS_LAST/wrong_prompts/p7_task_worlds/exploration_api4_20260916_034511/results_strict_plain_20260916_035134/exploration/without_fixed_spec/seed_1005/S_20260916_035134/run_20260916_040142_642863710
exploration,7,Move only forward,4,without_fixed_spec,1006,S_20260916_035134,False,0.0,59.659,83.333,44,/home/ecem/sct_ws/src/llm_sct/RESULTS_LAST/wrong_prompts/p7_task_worlds/exploration_api4_20260916_034511/results_strict_plain_20260916_035134/YAML/exploration/without_fixed_spec/prompt_7/generation_4/S_20260916_035134.yaml,/home/ecem/sct_ws/src/llm_sct/RESULTS_LAST/wrong_prompts/p7_task_worlds/exploration_api4_20260916_034511/results_strict_plain_20260916_035134/exploration/without_fixed_spec/seed_1006/S_20260916_035134/run_20260916_040142_953333767
exploration,7,Move only forward,4,without_fixed_spec,1007,S_20260916_035134,False,0.0,57.808,89.583,14,/home/ecem/sct_ws/src/llm_sct/RESULTS_LAST/wrong_prompts/p7_task_worlds/exploration_api4_20260916_034511/results_strict_plain_20260916_035134/YAML/exploration/without_fixed_spec/prompt_7/generation_4/S_20260916_035134.yaml,/home/ecem/sct_ws/src/llm_sct/RESULTS_LAST/wrong_prompts/p7_task_worlds/exploration_api4_20260916_034511/results_strict_plain_20260916_035134/exploration/without_fixed_spec/seed_1007/S_20260916_035134/run_20260916_040147_345110667
exploration,7,Move only forward,4,without_fixed_spec,1008,S_20260916_035134,False,0.0,58.914,66.667,16,/home/ecem/sct_ws/src/llm_sct/RESULTS_LAST/wrong_prompts/p7_task_worlds/exploration_api4_20260916_034511/results_strict_plain_20260916_035134/YAML/exploration/without_fixed_spec/prompt_7/generation_4/S_20260916_035134.yaml,/home/ecem/sct_ws/src/llm_sct/RESULTS_LAST/wrong_prompts/p7_task_worlds/exploration_api4_20260916_034511/results_strict_plain_20260916_035134/exploration/without_fixed_spec/seed_1008/S_20260916_035134/run_20260916_040147_427754054
exploration,7,Move only forward,4,without_fixed_spec,1009,S_20260916_035134,False,0.0,56.62,52.083,22,/home/ecem/sct_ws/src/llm_sct/RESULTS_LAST/wrong_prompts/p7_task_worlds/exploration_api4_20260916_034511/results_strict_plain_20260916_035134/YAML/exploration/without_fixed_spec/prompt_7/generation_4/S_20260916_035134.yaml,/home/ecem/sct_ws/src/llm_sct/RESULTS_LAST/wrong_prompts/p7_task_worlds/exploration_api4_20260916_034511/results_strict_plain_20260916_035134/exploration/without_fixed_spec/seed_1009/S_20260916_035134/run_20260916_040149_558428032
exploration,7,Move only forward,4,without_fixed_spec,1010,S_20260916_035134,False,0.0,58.039,66.667,37,/home/ecem/sct_ws/src/llm_sct/RESULTS_LAST/wrong_prompts/p7_task_worlds/exploration_api4_20260916_034511/results_strict_plain_20260916_035134/YAML/exploration/without_fixed_spec/prompt_7/generation_4/S_20260916_035134.yaml,/home/ecem/sct_ws/src/llm_sct/RESULTS_LAST/wrong_prompts/p7_task_worlds/exploration_api4_20260916_034511/results_strict_plain_20260916_035134/exploration/without_fixed_spec/seed_1010/S_20260916_035134/run_20260916_040149_890022286
exploration,7,Move only forward,5,without_fixed_spec,1001,S_20260916_035134,False,0.0,56.563,72.917,18,/home/ecem/sct_ws/src/llm_sct/RESULTS_LAST/wrong_prompts/p7_task_worlds/exploration_api4_20260916_034511/results_strict_plain_20260916_035134/YAML/exploration/without_fixed_spec/prompt_7/generation_5/S_20260916_035134.yaml,/home/ecem/sct_ws/src/llm_sct/RESULTS_LAST/wrong_prompts/p7_task_worlds/exploration_api4_20260916_034511/results_strict_plain_20260916_035134/exploration/without_fixed_spec/seed_1001/S_20260916_035134/run_20260916_040406_299431102
exploration,7,Move only forward,5,without_fixed_spec,1002,S_20260916_035134,False,0.0,58.849,64.583,31,/home/ecem/sct_ws/src/llm_sct/RESULTS_LAST/wrong_prompts/p7_task_worlds/exploration_api4_20260916_034511/results_strict_plain_20260916_035134/YAML/exploration/without_fixed_spec/prompt_7/generation_5/S_20260916_035134.yaml,/home/ecem/sct_ws/src/llm_sct/RESULTS_LAST/wrong_prompts/p7_task_worlds/exploration_api4_20260916_034511/results_strict_plain_20260916_035134/exploration/without_fixed_spec/seed_1002/S_20260916_035134/run_20260916_040406_854758260
exploration,7,Move only forward,5,without_fixed_spec,1003,S_20260916_035134,False,0.0,59.414,72.917,11,/home/ecem/sct_ws/src/llm_sct/RESULTS_LAST/wrong_prompts/p7_task_worlds/exploration_api4_20260916_034511/results_strict_plain_20260916_035134/YAML/exploration/without_fixed_spec/prompt_7/generation_5/S_20260916_035134.yaml,/home/ecem/sct_ws/src/llm_sct/RESULTS_LAST/wrong_prompts/p7_task_worlds/exploration_api4_20260916_034511/results_strict_plain_20260916_035134/exploration/without_fixed_spec/seed_1003/S_20260916_035134/run_20260916_040505_066011009
exploration,7,Move only forward,5,without_fixed_spec,1004,S_20260916_035134,False,0.0,59.593,77.083,13,/home/ecem/sct_ws/src/llm_sct/RESULTS_LAST/wrong_prompts/p7_task_worlds/exploration_api4_20260916_034511/results_strict_plain_20260916_035134/YAML/exploration/without_fixed_spec/prompt_7/generation_5/S_20260916_035134.yaml,/home/ecem/sct_ws/src/llm_sct/RESULTS_LAST/wrong_prompts/p7_task_worlds/exploration_api4_20260916_034511/results_strict_plain_20260916_035134/exploration/without_fixed_spec/seed_1004/S_20260916_035134/run_20260916_040505_340258578
exploration,7,Move only forward,5,without_fixed_spec,1005,S_20260916_035134,False,0.0,56.898,83.333,19,/home/ecem/sct_ws/src/llm_sct/RESULTS_LAST/wrong_prompts/p7_task_worlds/exploration_api4_20260916_034511/results_strict_plain_20260916_035134/YAML/exploration/without_fixed_spec/prompt_7/generation_5/S_20260916_035134.yaml,/home/ecem/sct_ws/src/llm_sct/RESULTS_LAST/wrong_prompts/p7_task_worlds/exploration_api4_20260916_034511/results_strict_plain_20260916_035134/exploration/without_fixed_spec/seed_1005/S_20260916_035134/run_20260916_040510_849746302
exploration,7,Move only forward,5,without_fixed_spec,1006,S_20260916_035134,False,0.0,56.742,87.5,20,/home/ecem/sct_ws/src/llm_sct/RESULTS_LAST/wrong_prompts/p7_task_worlds/exploration_api4_20260916_034511/results_strict_plain_20260916_035134/YAML/exploration/without_fixed_spec/prompt_7/generation_5/S_20260916_035134.yaml,/home/ecem/sct_ws/src/llm_sct/RESULTS_LAST/wrong_prompts/p7_task_worlds/exploration_api4_20260916_034511/results_strict_plain_20260916_035134/exploration/without_fixed_spec/seed_1006/S_20260916_035134/run_20260916_040511_253337791
exploration,7,Move only forward,5,without_fixed_spec,1007,S_20260916_035134,False,0.0,55.882,64.583,34,/home/ecem/sct_ws/src/llm_sct/RESULTS_LAST/wrong_prompts/p7_task_worlds/exploration_api4_20260916_034511/results_strict_plain_20260916_035134/YAML/exploration/without_fixed_spec/prompt_7/generation_5/S_20260916_035134.yaml,/home/ecem/sct_ws/src/llm_sct/RESULTS_LAST/wrong_prompts/p7_task_worlds/exploration_api4_20260916_034511/results_strict_plain_20260916_035134/exploration/without_fixed_spec/seed_1007/S_20260916_035134/run_20260916_040514_531687953
exploration,7,Move only forward,5,without_fixed_spec,1008,S_20260916_035134,False,0.0,57.714,33.333,44,/home/ecem/sct_ws/src/llm_sct/RESULTS_LAST/wrong_prompts/p7_task_worlds/exploration_api4_20260916_034511/results_strict_plain_20260916_035134/YAML/exploration/without_fixed_spec/prompt_7/generation_5/S_20260916_035134.yaml,/home/ecem/sct_ws/src/llm_sct/RESULTS_LAST/wrong_prompts/p7_task_worlds/exploration_api4_20260916_034511/results_strict_plain_20260916_035134/exploration/without_fixed_spec/seed_1008/S_20260916_035134/run_20260916_040515_114764609
exploration,7,Move only forward,5,without_fixed_spec,1009,S_20260916_035134,False,0.0,55.632,52.083,14,/home/ecem/sct_ws/src/llm_sct/RESULTS_LAST/wrong_prompts/p7_task_worlds/exploration_api4_20260916_034511/results_strict_plain_20260916_035134/YAML/exploration/without_fixed_spec/prompt_7/generation_5/S_20260916_035134.yaml,/home/ecem/sct_ws/src/llm_sct/RESULTS_LAST/wrong_prompts/p7_task_worlds/exploration_api4_20260916_034511/results_strict_plain_20260916_035134/exploration/without_fixed_spec/seed_1009/S_20260916_035134/run_20260916_040612_862385369
exploration,7,Move only forward,5,without_fixed_spec,1010,S_20260916_035134,False,0.0,57.436,79.167,30,/home/ecem/sct_ws/src/llm_sct/RESULTS_LAST/wrong_prompts/p7_task_worlds/exploration_api4_20260916_034511/results_strict_plain_20260916_035134/YAML/exploration/without_fixed_spec/prompt_7/generation_5/S_20260916_035134.yaml,/home/ecem/sct_ws/src/llm_sct/RESULTS_LAST/wrong_prompts/p7_task_worlds/exploration_api4_20260916_034511/results_strict_plain_20260916_035134/exploration/without_fixed_spec/seed_1010/S_20260916_035134/run_20260916_040612_967179451
