stamp_sec,stamp_nsec,elapsed_s,robot,x,y
1789208630,460117489,3.467,robot_0,2.344,2.051
1789208630,460295332,3.467,robot_2,-1.780,-0.648
1789208630,460394957,3.467,robot_1,-0.630,-0.840
1789208632,375700180,5.382,robot_0,2.344,2.051
1789208632,375786417,5.382,robot_2,-1.780,-0.648
1789208632,375837979,5.382,robot_1,-0.630,-0.840
1789208636,67030390,9.074,robot_0,2.344,2.051
1789208636,67115844,9.074,robot_2,-1.780,-0.648
1789208636,67161029,9.074,robot_1,-0.630,-0.840
1789208636,272427464,9.279,robot_0,2.333,2.037
1789208636,272515838,9.279,robot_2,-1.845,-0.662
1789208636,272561885,9.279,robot_1,-0.672,-0.892
1789208636,486682826,9.493,robot_0,2.368,2.081
1789208636,486765817,9.493,robot_2,-1.927,-0.681
1789208636,486841640,9.493,robot_1,-0.725,-0.957
1789208636,722380910,9.729,robot_0,2.407,2.131
1789208636,722465575,9.729,robot_2,-2.020,-0.702
1789208636,722528350,9.729,robot_1,-0.785,-1.031
1789208636,925435874,9.932,robot_0,2.440,2.171
1789208636,925524810,9.932,robot_2,-2.096,-0.719
1789208636,925592420,9.932,robot_1,-0.834,-1.092
1789208637,138815071,10.145,robot_0,2.451,2.184
1789208637,138897590,10.146,robot_2,-2.184,-0.739
1789208637,138950603,10.146,robot_1,-0.891,-1.162
1789208637,342718486,10.349,robot_0,2.454,2.183
1789208637,342794530,10.349,robot_2,-2.269,-0.758
1789208637,342837734,10.349,robot_1,-0.946,-1.229
1789208637,572397048,10.579,robot_0,2.457,2.182
1789208637,572454054,10.579,robot_2,-2.300,-0.765
1789208637,572485091,10.579,robot_1,-0.984,-1.276
1789208637,776959912,10.784,robot_0,2.464,2.186
1789208637,777038923,10.784,robot_2,-2.297,-0.766
1789208637,777083897,10.784,robot_1,-1.033,-1.336
1789208637,994745287,11.001,robot_0,2.473,2.194
1789208637,994815367,11.001,robot_2,-2.289,-0.769
1789208637,994858678,11.001,robot_1,-1.088,-1.404
1789208638,214192606,11.221,robot_0,2.482,2.208
1789208638,214266140,11.221,robot_2,-2.276,-0.770
1789208638,214312432,11.221,robot_1,-1.154,-1.485
1789208638,421711790,11.428,robot_0,2.484,2.212
1789208638,421787390,11.428,robot_2,-2.272,-0.770
1789208638,421834964,11.428,robot_1,-1.209,-1.553
1789208638,631240948,11.638,robot_0,2.484,2.212
1789208638,631321494,11.638,robot_2,-2.272,-0.770
1789208638,631369624,11.638,robot_1,-1.268,-1.625
1789208638,841933783,11.849,robot_0,2.484,2.212
1789208638,842009089,11.849,robot_2,-2.272,-0.770
1789208638,842056174,11.849,robot_1,-1.311,-1.679
1789208639,50484040,12.057,robot_0,2.484,2.211
1789208639,50566756,12.057,robot_2,-2.273,-0.770
1789208639,50638131,12.057,robot_1,-1.372,-1.753
1789208639,264089442,12.271,robot_0,2.484,2.211
1789208639,264170439,12.271,robot_2,-2.273,-0.771
1789208639,264219133,12.271,robot_1,-1.421,-1.814
1789208639,487616585,12.494,robot_0,2.502,2.224
1789208639,487679625,12.494,robot_2,-2.273,-0.771
1789208639,487715916,12.494,robot_1,-1.481,-1.888
1789208639,702319555,12.709,robot_0,2.541,2.258
1789208639,702400152,12.709,robot_2,-2.274,-0.772
1789208639,702452136,12.709,robot_1,-1.530,-1.949
1789208639,930450152,12.937,robot_0,2.582,2.296
1789208639,930528442,12.937,robot_2,-2.274,-0.772
1789208639,938390049,12.945,robot_1,-1.583,-2.014
1789208640,133497283,13.140,robot_0,2.621,2.333
1789208640,135827961,13.143,robot_2,-2.274,-0.772
1789208640,135929299,13.143,robot_1,-1.635,-2.077
1789208640,348531639,13.355,robot_0,2.642,2.353
1789208640,348613792,13.355,robot_2,-2.263,-0.769
1789208640,348658513,13.355,robot_1,-1.684,-2.137
1789208640,562717186,13.569,robot_0,2.642,2.353
1789208640,562811770,13.569,robot_2,-2.178,-0.742
1789208640,562860560,13.570,robot_1,-1.740,-2.207
1789208640,768168235,13.775,robot_0,2.643,2.353
1789208640,768245713,13.775,robot_2,-2.089,-0.714
1789208640,768298625,13.775,robot_1,-1.799,-2.279
1789208640,989664996,13.996,robot_0,2.643,2.352
1789208640,989842082,13.997,robot_2,-2.003,-0.687
1789208640,989909134,13.997,robot_1,-1.856,-2.349
1789208641,197077098,14.204,robot_0,2.644,2.352
1789208641,197154158,14.204,robot_2,-1.918,-0.660
1789208641,197199750,14.204,robot_1,-1.913,-2.419
1789208641,409050305,14.416,robot_0,2.644,2.352
1789208641,409124694,14.416,robot_2,-1.835,-0.633
1789208641,409168677,14.416,robot_1,-1.967,-2.487
1789208641,616608610,14.623,robot_0,2.644,2.352
1789208641,616685871,14.623,robot_2,-1.749,-0.606
1789208641,616726349,14.623,robot_1,-2.024,-2.557
1789208641,840072748,14.847,robot_0,2.644,2.353
1789208641,840152939,14.847,robot_2,-1.675,-0.583
1789208641,840198279,14.847,robot_1,-2.073,-2.617
1789208642,52004312,15.059,robot_0,2.644,2.353
1789208642,52082281,15.059,robot_2,-1.589,-0.555
1789208642,52114685,15.059,robot_1,-2.125,-2.680
1789208642,260489308,15.267,robot_0,2.626,2.373
1789208642,260564456,15.267,robot_2,-1.512,-0.531
1789208642,260709201,15.267,robot_1,-2.126,-2.681
1789208642,462513712,15.469,robot_0,2.566,2.432
1789208642,462592335,15.469,robot_2,-1.432,-0.505
1789208642,462631131,15.469,robot_1,-2.126,-2.681
1789208642,697539369,15.704,robot_0,2.500,2.497
1789208642,697618406,15.704,robot_2,-1.343,-0.477
1789208642,697659704,15.704,robot_1,-2.127,-2.681
1789208642,911613752,15.918,robot_0,2.427,2.568
1789208642,911686948,15.918,robot_2,-1.246,-0.446
1789208642,911731662,15.918,robot_1,-2.127,-2.681
1789208643,122838932,16.129,robot_0,2.356,2.638
1789208643,122917576,16.130,robot_2,-1.151,-0.416
1789208643,122958914,16.130,robot_1,-2.128,-2.681
1789208643,323146372,16.330,robot_0,2.292,2.701
1789208643,323262219,16.330,robot_2,-1.066,-0.389
1789208643,323303300,16.330,robot_1,-2.128,-2.682
1789208643,523634422,16.530,robot_0,2.234,2.757
1789208643,523752242,16.530,robot_2,-0.988,-0.365
1789208643,523788506,16.530,robot_1,-2.128,-2.682
1789208643,754724934,16.761,robot_0,2.161,2.829
1789208643,754812256,16.761,robot_2,-0.891,-0.334
1789208643,754900469,16.762,robot_1,-2.128,-2.683
1789208643,962521417,16.969,robot_0,2.101,2.887
1789208643,962606693,16.969,robot_2,-0.811,-0.308
1789208643,962646857,16.969,robot_1,-2.128,-2.683
1789208644,175407440,17.182,robot_0,2.041,2.946
1789208644,175487142,17.182,robot_2,-0.731,-0.283
1789208644,175534460,17.182,robot_1,-2.128,-2.684
1789208644,389592130,17.396,robot_0,1.974,3.011
1789208644,389673523,17.396,robot_2,-0.643,-0.255
1789208644,389715545,17.396,robot_1,-2.128,-2.684
1789208644,592973751,17.600,robot_0,1.934,3.050
1789208644,593063908,17.600,robot_2,-0.557,-0.227
1789208644,593111354,17.600,robot_1,-2.128,-2.684
1789208644,795128435,17.802,robot_0,1.934,3.050
1789208644,795215301,17.802,robot_2,-0.468,-0.199
1789208644,795253897,17.802,robot_1,-2.104,-2.652
1789208645,7591235,18.014,robot_0,1.935,3.051
1789208645,7683329,18.014,robot_2,-0.388,-0.174
1789208645,7718936,18.014,robot_1,-2.055,-2.584
1789208645,210834008,18.217,robot_0,1.935,3.051
1789208645,210919788,18.218,robot_2,-0.311,-0.149
1789208645,211014532,18.218,robot_1,-2.007,-2.518
1789208645,419589327,18.426,robot_0,1.935,3.052
1789208645,419676387,18.426,robot_2,-0.219,-0.120
1789208645,419729268,18.426,robot_1,-1.951,-2.441
1789208645,621968063,18.629,robot_0,1.934,3.052
1789208645,622057231,18.629,robot_2,-0.136,-0.094
1789208645,622110090,18.629,robot_1,-1.900,-2.370
1789208645,829624075,18.836,robot_0,1.934,3.053
1789208645,829706016,18.836,robot_2,-0.034,-0.061
1789208645,829751432,18.836,robot_1,-1.836,-2.283
1789208646,49121018,19.056,robot_0,1.934,3.053
1789208646,49200492,19.056,robot_2,0.058,-0.032
1789208646,49243192,19.056,robot_1,-1.780,-2.205
1789208646,253584830,19.260,robot_0,1.933,3.053
1789208646,253668254,19.260,robot_2,0.127,-0.010
1789208646,253713387,19.260,robot_1,-1.738,-2.147
1789208646,472397573,19.479,robot_0,1.933,3.053
1789208646,472487659,19.479,robot_2,0.224,0.021
1789208646,472538471,19.479,robot_1,-1.678,-2.064
1789208646,687800382,19.694,robot_0,1.932,3.053
1789208646,687883373,19.695,robot_2,0.310,0.048
1789208646,687932476,19.695,robot_1,-1.625,-1.991
1789208646,910577636,19.917,robot_0,1.932,3.053
1789208646,910663738,19.917,robot_2,0.413,0.081
1789208646,910700607,19.917,robot_1,-1.562,-1.904
1789208647,115327495,20.122,robot_0,1.932,3.052
1789208647,115629811,20.122,robot_2,0.493,0.106
1789208647,115698979,20.122,robot_1,-1.512,-1.836
1789208647,336490949,20.343,robot_0,1.963,3.022
1789208647,336590778,20.343,robot_2,0.567,0.130
1789208647,336633525,20.343,robot_1,-1.467,-1.772
1789208647,538758307,20.545,robot_0,2.016,2.971
1789208647,538852108,20.545,robot_2,0.650,0.156
1789208647,538930134,20.546,robot_1,-1.416,-1.702
1789208647,757891090,20.765,robot_0,2.016,2.971
1789208647,758018374,20.765,robot_2,0.724,0.180
1789208647,758097210,20.765,robot_1,-1.370,-1.639
1789208647,957830618,20.964,robot_0,2.016,2.971
1789208647,957919472,20.965,robot_2,0.810,0.207
1789208647,957975008,20.965,robot_1,-1.317,-1.566
1789208648,161163738,21.168,robot_0,2.017,2.971
1789208648,161247254,21.168,robot_2,0.884,0.231
1789208648,161292629,21.168,robot_1,-1.271,-1.503
1789208648,384626094,21.391,robot_0,2.035,2.886
1789208648,384711532,21.391,robot_2,0.981,0.261
1789208648,384759419,21.391,robot_1,-1.211,-1.420
1789208648,600548823,21.607,robot_0,2.052,2.798
1789208648,600641094,21.607,robot_2,1.067,0.289
1789208648,600685186,21.607,robot_1,-1.159,-1.347
1789208648,805067965,21.812,robot_0,2.065,2.727
1789208648,805158161,21.812,robot_2,1.136,0.310
1789208648,805210607,21.812,robot_1,-1.116,-1.289
1789208649,24710367,22.031,robot_0,2.082,2.639
1789208649,24785126,22.031,robot_2,1.222,0.338
1789208649,24826327,22.031,robot_1,-1.064,-1.216
1789208649,235111680,22.242,robot_0,2.096,2.565
1789208649,235177531,22.242,robot_2,1.293,0.360
1789208649,235209647,22.242,robot_1,-1.020,-1.155
1789208649,438466389,22.445,robot_0,2.112,2.480
1789208649,438546145,22.445,robot_2,1.376,0.387
1789208649,438592448,22.445,robot_1,-0.969,-1.085
1789208649,644138598,22.651,robot_0,2.128,2.400
1789208649,644221695,22.651,robot_2,1.453,0.411
1789208649,644262138,22.651,robot_1,-0.921,-1.019
1789208649,845663645,22.852,robot_0,2.145,2.306
1789208649,845736000,22.852,robot_2,1.545,0.440
1789208649,845762714,22.852,robot_1,-0.865,-0.941
1789208650,51806061,23.058,robot_0,2.160,2.229
1789208650,51886322,23.059,robot_2,1.619,0.464
1789208650,51920957,23.059,robot_1,-0.819,-0.878
1789208650,266035211,23.273,robot_0,2.176,2.144
1789208650,266392992,23.273,robot_2,1.702,0.490
1789208650,266512136,23.273,robot_1,-0.768,-0.808
1789208650,480048880,23.487,robot_0,2.195,2.046
1789208650,480132849,23.487,robot_2,1.796,0.520
1789208650,480170072,23.487,robot_1,-0.710,-0.728
1789208650,694916584,23.702,robot_0,2.210,1.967
1789208650,694999490,23.702,robot_2,1.876,0.546
1789208650,695040491,23.702,robot_1,-0.661,-0.660
1789208650,907543425,23.914,robot_0,2.211,1.962
1789208650,907621202,23.914,robot_2,1.971,0.576
1789208650,907652887,23.914,robot_1,-0.603,-0.579
1789208651,114650698,24.121,robot_0,2.211,1.962
1789208651,114730167,24.121,robot_2,2.039,0.598
1789208651,114771094,24.121,robot_1,-0.560,-0.521
1789208651,351265650,24.358,robot_0,2.210,1.961
1789208651,351361989,24.358,robot_2,2.125,0.625
1789208651,351409448,24.358,robot_1,-0.508,-0.448
1789208651,557888649,24.565,robot_0,2.210,1.961
1789208651,557969715,24.565,robot_2,2.193,0.646
1789208651,558014439,24.565,robot_1,-0.451,-0.371
1789208651,778240399,24.785,robot_0,2.210,1.961
1789208651,778318472,24.785,robot_2,2.193,0.646
1789208651,778359833,24.785,robot_1,-0.402,-0.303
1789208651,989238576,24.996,robot_0,2.210,1.960
1789208651,989319419,24.996,robot_2,2.193,0.646
1789208651,989363738,24.999,robot_1,-0.339,-0.215
1789208652,190486664,25.197,robot_0,2.210,1.960
1789208652,190598511,25.197,robot_2,2.194,0.645
1789208652,190644434,25.197,robot_1,-0.286,-0.142
1789208652,395974053,25.403,robot_0,2.210,1.959
1789208652,396062849,25.403,robot_2,2.194,0.645
1789208652,396108701,25.403,robot_1,-0.240,-0.079
1789208652,625540348,25.632,robot_0,2.211,1.959
1789208652,625631002,25.632,robot_2,2.195,0.645
1789208652,625676539,25.632,robot_1,-0.184,-0.001
1789208652,847436202,25.854,robot_0,2.211,1.959
1789208652,847536017,25.854,robot_2,2.195,0.645
1789208652,848084491,25.855,robot_1,-0.131,0.072
1789208653,64387571,26.071,robot_0,2.211,1.959
1789208653,64486345,26.071,robot_2,2.195,0.646
1789208653,64541593,26.071,robot_1,-0.075,0.149
1789208653,268593565,26.275,robot_0,2.212,1.959
1789208653,268702525,26.275,robot_2,2.196,0.646
1789208653,268763939,26.275,robot_1,-0.031,0.210
1789208653,469123339,26.476,robot_0,2.206,2.035
1789208653,469206389,26.476,robot_2,2.196,0.646
1789208653,469250984,26.476,robot_1,0.020,0.281
1789208653,683315132,26.690,robot_0,2.198,2.124
1789208653,683418706,26.690,robot_2,2.196,0.647
1789208653,684101587,26.691,robot_1,0.073,0.353
1789208653,882850015,26.890,robot_0,2.192,2.202
1789208653,882922931,26.890,robot_2,2.196,0.647
1789208653,882957373,26.890,robot_1,0.119,0.417
1789208654,85076084,27.092,robot_0,2.185,2.289
1789208654,85174535,27.092,robot_2,2.195,0.647
1789208654,85224081,27.092,robot_1,0.170,0.487
1789208654,287987632,27.295,robot_0,2.178,2.372
1789208654,288065028,27.295,robot_2,2.121,0.633
1789208654,288105453,27.295,robot_1,0.219,0.555
1789208654,516365555,27.523,robot_0,2.170,2.468
1789208654,516446926,27.523,robot_2,2.027,0.615
1789208654,516496568,27.523,robot_1,0.276,0.633
1789208654,751848542,27.759,robot_0,2.161,2.573
1789208654,751928438,27.759,robot_2,1.924,0.595
1789208654,751962480,27.759,robot_1,0.337,0.718
1789208654,972906842,27.980,robot_0,2.154,2.659
1789208654,972991515,27.980,robot_2,1.838,0.578
1789208654,974140233,27.981,robot_1,0.388,0.788
1789208655,194952156,28.202,robot_0,2.145,2.767
1789208655,195027947,28.202,robot_2,1.732,0.558
1789208655,195064160,28.202,robot_1,0.452,0.876
1789208655,417516878,28.424,robot_0,2.138,2.854
1789208655,421509055,28.428,robot_2,1.647,0.541
1789208655,421611447,28.428,robot_1,0.503,0.946
1789208655,637663927,28.644,robot_0,2.131,2.940
1789208655,637879041,28.645,robot_2,1.562,0.524
1789208655,637920891,28.645,robot_1,0.554,1.017
1789208655,842980569,28.850,robot_0,2.123,3.036
1789208655,843064597,28.850,robot_2,1.486,0.510
1789208655,843099828,28.850,robot_1,0.610,1.094
1789208656,50190123,29.057,robot_0,2.117,3.111
1789208656,50270452,29.057,robot_2,1.486,0.510
1789208656,50304491,29.057,robot_1,0.654,1.155
1789208656,250284720,29.257,robot_0,2.109,3.204
1789208656,250371617,29.257,robot_2,1.424,0.479
1789208656,250414546,29.257,robot_1,0.709,1.231
1789208656,450305886,29.457,robot_0,2.103,3.281
1789208656,450392324,29.457,robot_2,1.356,0.441
1789208656,450427844,29.457,robot_1,0.754,1.294
1789208656,652794315,29.659,robot_0,2.097,3.349
1789208656,652876412,29.660,robot_2,1.276,0.395
1789208656,652914166,29.660,robot_1,0.809,1.369
1789208656,860825615,29.867,robot_0,2.098,3.349
1789208656,860915893,29.868,robot_2,1.200,0.352
1789208656,860958556,29.868,robot_1,0.860,1.439
1789208657,63886458,30.071,robot_0,2.098,3.349
1789208657,63970538,30.071,robot_2,1.127,0.311
1789208657,64014643,30.071,robot_1,0.909,1.507
1789208657,273266478,30.280,robot_0,2.098,3.350
1789208657,273353135,30.280,robot_2,1.048,0.266
1789208657,273465407,30.280,robot_1,0.962,1.580
1789208657,482490160,30.489,robot_0,2.099,3.350
1789208657,488951952,30.496,robot_2,0.983,0.229
1789208657,489092817,30.496,robot_1,1.006,1.641
1789208657,686576863,30.693,robot_0,2.099,3.350
1789208657,690709073,30.697,robot_2,0.894,0.179
1789208657,690824932,30.697,robot_1,1.066,1.724
1789208657,892774301,30.899,robot_0,2.099,3.351
1789208657,892858870,30.900,robot_2,0.829,0.142
1789208657,892900534,30.900,robot_1,1.110,1.784
1789208658,97966116,31.105,robot_0,2.099,3.351
1789208658,98045080,31.105,robot_2,0.751,0.098
1789208658,98087670,31.105,robot_1,1.163,1.857
1789208658,313477674,31.320,robot_0,2.099,3.352
1789208658,313577364,31.320,robot_2,0.683,0.059
1789208658,313631847,31.320,robot_1,1.208,1.921
1789208658,548193140,31.555,robot_0,2.098,3.352
1789208658,548288401,31.555,robot_2,0.605,0.015
1789208658,548329149,31.555,robot_1,1.261,1.993
1789208658,753776253,31.760,robot_0,2.098,3.352
1789208658,753863254,31.761,robot_2,0.511,-0.038
1789208658,753900751,31.761,robot_1,1.325,2.081
1789208658,957866775,31.965,robot_0,2.097,3.352
1789208658,957947393,31.965,robot_2,0.445,-0.075
1789208658,957983335,31.965,robot_1,1.369,2.142
1789208659,160791848,32.167,robot_0,2.097,3.352
1789208659,160877041,32.168,robot_2,0.370,-0.118
1789208659,160921263,32.168,robot_1,1.420,2.212
1789208659,365220908,32.372,robot_0,2.097,3.352
1789208659,365300513,32.372,robot_2,0.304,-0.155
1789208659,365340908,32.372,robot_1,1.464,2.273
1789208659,575529677,32.582,robot_0,2.103,3.322
1789208659,575618364,32.582,robot_2,0.226,-0.199
1789208659,575665461,32.582,robot_1,1.516,2.346
1789208659,790074902,32.797,robot_0,2.112,3.279
1789208659,790169099,32.797,robot_2,0.148,-0.244
1789208659,790214143,32.797,robot_1,1.569,2.419
1789208660,5787873,33.012,robot_0,2.112,3.279
1789208660,5867559,33.013,robot_2,0.067,-0.289
1789208660,5912175,33.013,robot_1,1.624,2.494
1789208660,208230308,33.215,robot_0,2.112,3.279
1789208660,208307814,33.215,robot_2,-0.017,-0.337
1789208660,208354816,33.215,robot_1,1.676,2.566
1789208660,421771501,33.428,robot_0,2.112,3.279
1789208660,421852411,33.428,robot_2,-0.087,-0.377
1789208660,421888929,33.429,robot_1,1.678,2.568
1789208660,640497191,33.647,robot_0,2.111,3.279
1789208660,640596707,33.647,robot_2,-0.179,-0.428
1789208660,640634010,33.647,robot_1,1.677,2.569
1789208660,870133491,33.877,robot_0,2.097,3.301
1789208660,870212346,33.877,robot_2,-0.257,-0.473
1789208660,870253586,33.877,robot_1,1.678,2.568
1789208661,72820975,34.079,robot_0,2.070,3.344
1789208661,72900428,34.080,robot_2,-0.322,-0.510
1789208661,72939499,34.080,robot_1,1.678,2.568
1789208661,301248236,34.308,robot_0,2.032,3.402
1789208661,301328376,34.308,robot_2,-0.414,-0.561
1789208661,301363302,34.308,robot_1,1.679,2.568
1789208661,530081245,34.537,robot_0,2.006,3.442
1789208661,530164034,34.537,robot_2,-0.492,-0.606
1789208661,530200104,34.537,robot_1,1.679,2.568
1789208661,749085441,34.756,robot_0,2.007,3.442
1789208661,749164862,34.756,robot_2,-0.583,-0.657
1789208661,749206038,34.756,robot_1,1.680,2.569
1789208661,962713976,34.969,robot_0,2.007,3.442
1789208661,962791282,34.969,robot_2,-0.672,-0.708
1789208661,962835050,34.969,robot_1,1.680,2.569
1789208662,162756241,35.169,robot_0,2.008,3.442
1789208662,162838685,35.169,robot_2,-0.743,-0.748
1789208662,162887774,35.170,robot_1,1.680,2.569
1789208662,370781969,35.377,robot_0,2.008,3.442
1789208662,370851313,35.377,robot_2,-0.816,-0.789
1789208662,370886560,35.378,robot_1,1.680,2.570
1789208662,576401288,35.583,robot_0,2.009,3.441
1789208662,576474918,35.583,robot_2,-0.897,-0.835
1789208662,576516656,35.583,robot_1,1.680,2.570
1789208662,785253593,35.792,robot_0,2.009,3.441
1789208662,785331611,35.792,robot_2,-0.972,-0.878
1789208662,785382135,35.792,robot_1,1.680,2.571
1789208662,993213876,36.000,robot_0,2.009,3.440
1789208662,993290116,36.000,robot_2,-1.053,-0.923
1789208662,993336510,36.000,robot_1,1.680,2.571
1789208663,198046071,36.205,robot_0,2.009,3.440
1789208663,198120462,36.205,robot_2,-1.124,-0.963
1789208663,198160635,36.205,robot_1,1.680,2.571
1789208663,402231779,36.409,robot_0,2.009,3.439
1789208663,402293453,36.409,robot_2,-1.205,-1.009
1789208663,402327377,36.409,robot_1,1.645,2.536
1789208663,609302848,36.616,robot_0,2.009,3.439
1789208663,609378582,36.616,robot_2,-1.275,-1.049
1789208663,609419462,36.616,robot_1,1.590,2.477
1789208663,825951081,36.833,robot_0,2.009,3.439
1789208663,826027473,36.833,robot_2,-1.356,-1.095
1789208663,826103986,36.833,robot_1,1.526,2.409
1789208664,50500156,37.057,robot_0,2.009,3.439
1789208664,50591302,37.057,robot_2,-1.442,-1.144
1789208664,50628123,37.057,robot_1,1.458,2.338
1789208664,265279171,37.272,robot_0,2.009,3.440
1789208664,265354844,37.272,robot_2,-1.513,-1.183
1789208664,265394754,37.272,robot_1,1.402,2.279
1789208664,480163572,37.487,robot_0,2.009,3.440
1789208664,480225295,37.487,robot_2,-1.602,-1.234
1789208664,480253893,37.487,robot_1,1.332,2.205
1789208664,685615786,37.692,robot_0,2.009,3.441
1789208664,685696916,37.692,robot_2,-1.675,-1.275
1789208664,685746098,37.692,robot_1,1.274,2.144
1789208664,892443707,37.899,robot_0,2.008,3.441
1789208664,892524675,37.899,robot_2,-1.745,-1.315
1789208664,892582831,37.899,robot_1,1.218,2.085
1789208665,97502323,38.104,robot_0,2.008,3.441
1789208665,97626919,38.104,robot_2,-1.813,-1.353
1789208665,97675839,38.104,robot_1,1.164,2.029
1789208665,315536719,38.322,robot_0,2.007,3.441
1789208665,315639510,38.322,robot_2,-1.889,-1.396
1789208665,315679309,38.322,robot_1,1.104,1.966
1789208665,528865097,38.536,robot_0,2.007,3.441
1789208665,528947791,38.536,robot_2,-1.970,-1.442
1789208665,528987405,38.536,robot_1,1.040,1.898
1789208665,737793165,38.744,robot_0,2.007,3.441
1789208665,737868440,38.745,robot_2,-2.051,-1.488
1789208665,737904668,38.745,robot_1,0.976,1.831
1789208665,961826022,38.968,robot_0,2.006,3.441
1789208665,961933863,38.969,robot_2,-2.076,-1.502
1789208665,961975983,38.976,robot_1,0.914,1.765
1789208666,176958265,39.184,robot_0,2.006,3.441
1789208666,177035732,39.184,robot_2,-2.076,-1.502
1789208666,177073514,39.184,robot_1,0.854,1.702
1789208666,386964566,39.394,robot_0,2.006,3.440
1789208666,387042622,39.394,robot_2,-2.076,-1.502
1789208666,387079365,39.394,robot_1,0.795,1.639
1789208666,606877168,39.614,robot_0,2.006,3.441
1789208666,606960513,39.614,robot_2,-2.077,-1.501
1789208666,607002080,39.614,robot_1,0.724,1.565
1789208666,816796069,39.823,robot_0,2.006,3.441
1789208666,816870916,39.824,robot_2,-2.077,-1.501
1789208666,816912339,39.824,robot_1,0.669,1.506
1789208667,32032884,40.043,robot_0,2.006,3.441
1789208667,36227701,40.043,robot_2,-2.078,-1.502
1789208667,36282292,40.043,robot_1,0.611,1.446
1789208667,255018796,40.262,robot_0,2.011,3.418
1789208667,255097581,40.262,robot_2,-2.078,-1.502
1789208667,255136904,40.262,robot_1,0.538,1.369
1789208667,468725017,40.475,robot_0,2.020,3.329
1789208667,468801513,40.475,robot_2,-2.079,-1.502
1789208667,468837653,40.475,robot_1,0.476,1.304
1789208667,672894587,40.680,robot_0,2.027,3.236
1789208667,672973618,40.680,robot_2,-2.079,-1.503
1789208667,673007713,40.680,robot_1,0.412,1.237
1789208667,890492228,40.897,robot_0,2.033,3.149
1789208667,890579072,40.897,robot_2,-2.079,-1.503
1789208667,890618892,40.897,robot_1,0.353,1.174
1789208668,101690277,41.108,robot_0,2.040,3.062
1789208668,101780187,41.108,robot_2,-2.079,-1.504
1789208668,101820624,41.108,robot_1,0.293,1.110
1789208668,302145547,41.309,robot_0,2.047,2.964
1789208668,302266922,41.309,robot_2,-2.079,-1.504
1789208668,302318021,41.309,robot_1,0.224,1.039
1789208668,510898690,41.518,robot_0,2.053,2.889
1789208668,510990489,41.518,robot_2,-2.074,-1.502
1789208668,511029016,41.518,robot_1,0.173,0.984
1789208668,715038791,41.722,robot_0,2.060,2.790
1789208668,715135451,41.722,robot_2,-1.994,-1.450
1789208668,715181511,41.722,robot_1,0.105,0.912
1789208668,936751849,41.943,robot_0,2.067,2.700
1789208668,936836748,41.943,robot_2,-1.918,-1.402
1789208668,936878253,41.944,robot_1,0.043,0.847
1789208669,142751208,42.149,robot_0,2.074,2.608
1789208669,142825517,42.149,robot_2,-1.840,-1.351
1789208669,142870558,42.150,robot_1,-0.021,0.780
1789208669,344331668,42.351,robot_0,2.081,2.518
1789208669,344404601,42.351,robot_2,-1.764,-1.303
1789208669,344447649,42.351,robot_1,-0.083,0.714
1789208669,544506499,42.551,robot_0,2.086,2.446
1789208669,544593388,42.551,robot_2,-1.704,-1.264
1789208669,544641844,42.551,robot_1,-0.133,0.662
1789208669,753899306,42.761,robot_0,2.094,2.341
1789208669,753986074,42.761,robot_2,-1.616,-1.207
1789208669,754031782,42.761,robot_1,-0.205,0.586
1789208669,971810673,42.978,robot_0,2.100,2.261
1789208669,971885453,42.979,robot_2,-1.547,-1.163
1789208669,971926468,42.979,robot_1,-0.261,0.527
1789208670,172862529,43.180,robot_0,2.106,2.177
1789208670,172938464,43.180,robot_2,-1.477,-1.118
1789208670,178493847,43.185,robot_1,-0.319,0.466
1789208670,382383966,43.389,robot_0,2.113,2.087
1789208670,382465054,43.389,robot_2,-1.401,-1.069
1789208670,382498519,43.389,robot_1,-0.381,0.401
1789208670,602392729,43.609,robot_0,2.120,1.997
1789208670,602473449,43.609,robot_2,-1.325,-1.021
1789208670,602515682,43.609,robot_1,-0.443,0.336
1789208670,838226656,43.845,robot_0,2.127,1.893
1789208670,838299237,43.845,robot_2,-1.237,-0.964
1789208670,838335012,43.845,robot_1,-0.515,0.260
1789208671,49274640,44.056,robot_0,2.134,1.806
1789208671,49372479,44.056,robot_2,-1.164,-0.917
1789208671,49416718,44.056,robot_1,-0.575,0.197
1789208671,255969460,44.263,robot_0,2.141,1.713
1789208671,256050603,44.263,robot_2,-1.085,-0.867
1789208671,256096117,44.263,robot_1,-0.639,0.129
1789208671,456553463,44.463,robot_0,2.147,1.632
1789208671,456639943,44.463,robot_2,-1.022,-0.826
1789208671,456687971,44.463,robot_1,-0.695,0.070
1789208671,673289875,44.680,robot_0,2.153,1.549
1789208671,673363781,44.680,robot_2,-1.018,-0.824
1789208671,673403860,44.680,robot_1,-0.753,0.010
1789208671,878057818,44.885,robot_0,2.161,1.447
1789208671,878131011,44.885,robot_2,-1.018,-0.824
1789208671,878276817,44.885,robot_1,-0.823,-0.064
1789208672,81709383,45.088,robot_0,2.166,1.375
1789208672,81783661,45.088,robot_2,-1.017,-0.824
1789208672,81823751,45.088,robot_1,-0.857,-0.101
1789208672,309151894,45.316,robot_0,2.173,1.288
1789208672,309255327,45.316,robot_2,-1.017,-0.824
1789208672,309312241,45.316,robot_1,-0.857,-0.101
1789208672,534086103,45.541,robot_0,2.179,1.205
1789208672,534180779,45.541,robot_2,-1.016,-0.824
1789208672,534228633,45.541,robot_1,-0.858,-0.100
1789208672,735722123,45.742,robot_0,2.185,1.124
1789208672,735793152,45.742,robot_2,-1.016,-0.824
1789208672,735828344,45.742,robot_1,-0.858,-0.100
1789208672,959799777,45.966,robot_0,2.191,1.037
1789208672,959931350,45.967,robot_2,-1.016,-0.824
1789208672,959985021,45.967,robot_1,-0.859,-0.100
1789208673,163752390,46.170,robot_0,2.197,0.965
1789208673,163838182,46.170,robot_2,-1.015,-0.823
1789208673,163882734,46.171,robot_1,-0.859,-0.100
1789208673,381816288,46.389,robot_0,2.204,0.872
1789208673,382607955,46.389,robot_2,-1.015,-0.823
1789208673,382669025,46.389,robot_1,-0.859,-0.101
1789208673,587596510,46.594,robot_0,2.209,0.798
1789208673,587677511,46.594,robot_2,-1.015,-0.823
1789208673,587723888,46.594,robot_1,-0.860,-0.101
1789208673,794283440,46.801,robot_0,2.216,0.708
1789208673,794386445,46.801,robot_2,-1.015,-0.822
1789208673,794443558,46.801,robot_1,-0.860,-0.101
1789208674,10207846,47.017,robot_0,2.222,0.633
1789208674,10286719,47.017,robot_2,-1.015,-0.822
1789208674,10335032,47.017,robot_1,-0.860,-0.102
1789208674,234489256,47.241,robot_0,2.229,0.540
1789208674,234577881,47.241,robot_2,-1.015,-0.821
1789208674,234625723,47.241,robot_1,-0.860,-0.102
1789208674,447872550,47.455,robot_0,2.235,0.454
1789208674,447957439,47.455,robot_2,-1.032,-0.831
1789208674,448008857,47.455,robot_1,-0.860,-0.103
1789208674,660014146,47.667,robot_0,2.241,0.373
1789208674,660091026,47.667,robot_2,-1.101,-0.873
1789208674,660136962,47.667,robot_1,-0.860,-0.103
1789208674,860815394,47.867,robot_0,2.249,0.274
1789208674,864201166,47.871,robot_2,-1.186,-0.925
1789208674,864254098,47.871,robot_1,-0.859,-0.104
1789208675,65842087,48.073,robot_0,2.255,0.193
1789208675,65934333,48.073,robot_2,-1.255,-0.966
1789208675,65976996,48.073,robot_1,-0.844,-0.087
1789208675,271558285,48.278,robot_0,2.262,0.098
1789208675,271663250,48.278,robot_2,-1.337,-1.016
1789208675,271710933,48.278,robot_1,-0.777,-0.018
1789208675,486561569,48.493,robot_0,2.269,0.005
1789208675,486660265,48.493,robot_2,-1.417,-1.064
1789208675,486696650,48.493,robot_1,-0.712,0.049
1789208675,696919315,48.704,robot_0,2.276,-0.085
1789208675,697018993,48.704,robot_2,-1.494,-1.111
1789208675,697058263,48.704,robot_1,-0.650,0.113
1789208675,894496714,48.901,robot_0,2.283,-0.183
1789208675,908259541,48.915,robot_2,-1.584,-1.165
1789208675,908367994,48.915,robot_1,-0.577,0.189
1789208676,113119251,49.120,robot_0,2.283,-0.186
1789208676,113204156,49.120,robot_2,-1.663,-1.214
1789208676,113254721,49.120,robot_1,-0.512,0.256
1789208676,330614784,49.337,robot_0,2.282,-0.186
1789208676,330697158,49.337,robot_2,-1.753,-1.268
1789208676,330736994,49.337,robot_1,-0.439,0.331
1789208676,532823122,49.539,robot_0,2.282,-0.186
1789208676,532899153,49.540,robot_2,-1.828,-1.313
1789208676,532940584,49.540,robot_1,-0.379,0.394
1789208676,744823518,49.751,robot_0,2.282,-0.186
1789208676,744899971,49.752,robot_2,-1.902,-1.358
1789208676,744949509,49.752,robot_1,-0.319,0.457
1789208676,966505823,49.973,robot_0,2.282,-0.187
1789208676,966581687,49.973,robot_2,-2.005,-1.420
1789208676,966614342,49.973,robot_1,-0.235,0.543
1789208677,178180580,50.185,robot_0,2.282,-0.187
1789208677,178264219,50.185,robot_2,-2.084,-1.469
1789208677,179299397,50.186,robot_1,-0.171,0.610
1789208677,397418705,50.404,robot_0,2.282,-0.188
1789208677,397505667,50.404,robot_2,-2.159,-1.514
1789208677,397543384,50.404,robot_1,-0.108,0.675
1789208677,600954173,50.608,robot_0,2.282,-0.188
1789208677,601024118,50.608,robot_2,-2.165,-1.518
1789208677,601056266,50.608,robot_1,-0.039,0.746
1789208677,802810817,50.809,robot_0,2.283,-0.189
1789208677,802893853,50.810,robot_2,-2.166,-1.517
1789208677,802935137,50.810,robot_1,0.019,0.806
1789208678,17425235,51.024,robot_0,2.283,-0.189
1789208678,17501077,51.024,robot_2,-2.166,-1.517
1789208678,17543943,51.024,robot_1,0.079,0.869
1789208678,225983762,51.233,robot_0,2.283,-0.189
1789208678,226059468,51.233,robot_2,-2.167,-1.517
1789208678,226094697,51.233,robot_1,0.144,0.936
1789208678,439316065,51.446,robot_0,2.284,-0.189
1789208678,439390573,51.446,robot_2,-2.167,-1.517
1789208678,439426944,51.446,robot_1,0.211,1.005
1789208678,656631270,51.663,robot_0,2.278,-0.163
1789208678,656705903,51.663,robot_2,-2.168,-1.517
1789208678,656736723,51.663,robot_1,0.279,1.076
1789208678,865292152,51.872,robot_0,2.247,-0.069
1789208678,865383882,51.872,robot_2,-2.168,-1.518
1789208678,865429659,51.872,robot_1,0.348,1.147
1789208679,76274485,52.083,robot_0,2.217,0.016
1789208679,76353450,52.083,robot_2,-2.168,-1.518
1789208679,76386094,52.083,robot_1,0.411,1.212
1789208679,284354465,52.291,robot_0,2.181,0.117
1789208679,284430241,52.291,robot_2,-2.169,-1.519
1789208679,284467725,52.291,robot_1,0.486,1.290
1789208679,492701139,52.499,robot_0,2.152,0.202
1789208679,492779536,52.499,robot_2,-2.169,-1.519
1789208679,492817424,52.499,robot_1,0.548,1.355
1789208679,710373867,52.717,robot_0,2.122,0.287
1789208679,710451565,52.717,robot_2,-2.168,-1.520
1789208679,710487799,52.717,robot_1,0.611,1.419
1789208679,935008162,52.942,robot_0,2.087,0.386
1789208679,935087117,52.942,robot_2,-2.168,-1.520
1789208679,935122356,52.942,robot_1,0.684,1.495
1789208680,145968873,53.153,robot_0,2.057,0.474
1789208680,146052377,53.153,robot_2,-2.111,-1.484
1789208680,146094091,53.153,robot_1,0.748,1.562
1789208680,361668371,53.368,robot_0,2.027,0.559
1789208680,361742299,53.368,robot_2,-2.034,-1.437
1789208680,361850464,53.368,robot_1,0.811,1.627
1789208680,565670571,53.572,robot_0,1.994,0.653
1789208680,565745202,53.572,robot_2,-1.950,-1.385
1789208680,565780463,53.572,robot_1,0.879,1.698
1789208680,766755327,53.773,robot_0,1.969,0.723
1789208680,766837634,53.773,robot_2,-1.886,-1.346
1789208680,766876053,53.774,robot_1,0.931,1.752
1789208680,984924913,53.992,robot_0,1.949,0.780
1789208680,984995854,53.992,robot_2,-1.835,-1.314
1789208680,985032248,53.992,robot_1,0.973,1.795
1789208681,206056894,54.213,robot_0,1.919,0.868
1789208681,206138762,54.213,robot_2,-1.756,-1.265
1789208681,206182705,54.213,robot_1,1.038,1.862
1789208681,422909826,54.430,robot_0,1.883,0.970
1789208681,422986804,54.430,robot_2,-1.664,-1.208
1789208681,423026294,54.430,robot_1,1.113,1.940
1789208681,625182781,54.632,robot_0,1.852,1.057
1789208681,625259094,54.632,robot_2,-1.585,-1.159
1789208681,625291153,54.632,robot_1,1.177,2.006
1789208681,842594017,54.849,robot_0,1.823,1.142
1789208681,842669780,54.849,robot_2,-1.509,-1.112
1789208681,842702693,54.849,robot_1,1.240,2.071
1789208682,61256603,55.068,robot_0,1.787,1.244
1789208682,61337085,55.068,robot_2,-1.417,-1.055
1789208682,61370671,55.068,robot_1,1.315,2.149
1789208682,264941932,55.272,robot_0,1.770,1.293
1789208682,265018790,55.272,robot_2,-1.340,-1.008
1789208682,265061341,55.272,robot_1,1.377,2.214
1789208682,467632959,55.474,robot_0,1.787,1.243
1789208682,467713931,55.474,robot_2,-1.272,-0.965
1789208682,467753616,55.474,robot_1,1.434,2.272
1789208682,674807202,55.681,robot_0,1.790,1.236
1789208682,674888267,55.682,robot_2,-1.195,-0.918
1789208682,674927064,55.682,robot_1,1.496,2.337
1789208682,892151668,55.899,robot_0,1.790,1.236
1789208682,892232399,55.899,robot_2,-1.121,-0.872
1789208682,892276350,55.899,robot_1,1.556,2.399
1789208683,103082258,56.114,robot_0,1.790,1.237
1789208683,107315861,56.114,robot_2,-1.039,-0.821
1789208683,107376318,56.114,robot_1,1.623,2.468
1789208683,321854219,56.329,robot_0,1.791,1.237
1789208683,321939677,56.329,robot_2,-0.973,-0.780
1789208683,321984089,56.329,robot_1,1.677,2.524
1789208683,527888860,56.535,robot_0,1.791,1.238
1789208683,527974683,56.535,robot_2,-0.899,-0.734
1789208683,528021580,56.535,robot_1,1.738,2.587
1789208683,730020960,56.737,robot_0,1.791,1.238
1789208683,730096703,56.737,robot_2,-0.835,-0.695
1789208683,730140004,56.737,robot_1,1.790,2.641
1789208683,931486449,56.938,robot_0,1.790,1.238
1789208683,931586710,56.938,robot_2,-0.759,-0.648
1789208683,931631049,56.938,robot_1,1.852,2.706
1789208684,136193127,57.143,robot_0,1.790,1.239
1789208684,136279370,57.143,robot_2,-0.690,-0.605
1789208684,136323599,57.143,robot_1,1.909,2.764
1789208684,351304263,57.358,robot_0,1.790,1.239
1789208684,351394594,57.358,robot_2,-0.624,-0.564
1789208684,351431319,57.358,robot_1,1.963,2.820
1789208684,572686179,57.579,robot_0,1.790,1.239
1789208684,572783395,57.579,robot_2,-0.545,-0.515
1789208684,572821955,57.579,robot_1,2.027,2.887
1789208684,789922023,57.797,robot_0,1.789,1.239
1789208684,790002174,57.797,robot_2,-0.481,-0.475
1789208684,790038734,57.797,robot_1,2.079,2.941
1789208685,12162375,58.019,robot_0,1.789,1.239
1789208685,12249415,58.019,robot_2,-0.448,-0.455
1789208685,12288448,58.019,robot_1,2.106,2.969
1789208685,258830491,58.265,robot_0,1.789,1.239
1789208685,258910795,58.266,robot_2,-0.420,-0.438
1789208685,258944156,58.266,robot_1,2.129,2.993
1789208685,462425240,58.469,robot_0,1.789,1.239
1789208685,462511143,58.469,robot_2,-0.397,-0.423
1789208685,462553779,58.469,robot_1,2.148,3.012
1789208685,680019472,58.687,robot_0,1.789,1.239
1789208685,680110543,58.687,robot_2,-0.366,-0.404
1789208685,680146213,58.687,robot_1,2.173,3.038
1789208685,897998509,58.905,robot_0,1.788,1.239
1789208685,898081174,58.905,robot_2,-0.318,-0.374
1789208685,898122721,58.905,robot_1,2.213,3.079
